case_key,atlas_page,atlas_locator,standalone_figure,source_png_basename,source_png_sha256,layer,meaning
scene_35_31|Vehicle:97|0188,2,reports/Evidence_Atlas.pdf#page=2,figures/H01.png,H01_NATIVE_SCHEMA_CHAIN_COMPARISON.png,ba97120dcf013344c96c67d239d853c668e7d66336a78756b3df6a7153c97221,"Visible sidewall pixels, released yaw box, RPY sensitivity and existing face measurements","Green is the formal yaw box; purple is sensitivity only. The 589-point pixel rule does not depend on 3D GT geometry; selection was post hoc manual, not blinded."
scene_35_31|Vehicle:97|0188,3,reports/Evidence_Atlas.pdf#page=3,SOURCE_NOT_INCLUDED/H01_NATIVE__ORTHOGRAPHIC_XY_XZ_YZ.png,H01_NATIVE__ORTHOGRAPHIC_XY_XZ_YZ.png,e9e6d985aa9f5e750e549c319e213f8a221b0c4299a3bf635a22886598daf3df,"Camera-independent XY/BEV, XZ, YZ and labeled local enlargement",Joint translation/rotation of boxes and points is for display only. The existing point set is retained; no compensation or fit is applied.
scene_35_31|Vehicle:97|0129,4,reports/Evidence_Atlas.pdf#page=4,SOURCE_NOT_INCLUDED/H01_FAR_EVIDENCE.png,H01_FAR_EVIDENCE.png,91dc8152bfb66f503a7f01a95732ce79d125f04055993597f6d19cd8209458ad,"Native camera, full GT and unassigned historical search returns",Gray/search returns are not automatically target points. Projected rectangle-center differences are not independently measured physical center errors.
scene_36_27|Vehicle:3|0118,5,reports/Evidence_Atlas.pdf#page=5,figures/F01.png,F01_NEAR_MID_NATIVE_EVIDENCE.png,5df71714f6318c67780a7edd4bb51d03b404dacdd45a4fd5ba92ed9bd19525aa,"Native ROI, fixed pixel-selected returns, released yaw box and XY/XZ",All existing selection rows and tail/outlier returns are retained. Metric face clearance is not object-center error.
scene_36_27|Vehicle:3|0118,6,reports/Evidence_Atlas.pdf#page=6,SOURCE_NOT_INCLUDED/F01_NEAR_MID__ORTHOGRAPHIC_XY_XZ_YZ.png,F01_NEAR_MID__ORTHOGRAPHIC_XY_XZ_YZ.png,76772458db94606dbc4ddcf003118e83a1924b3f5356aeead612f50c84558619,"Camera-independent XY/BEV, XZ, YZ and labeled local enlargement",Joint translation/rotation of boxes and points is for display only. The existing point set is retained; no compensation or fit is applied.
scene_36_39|Vehicle:10|0032,7,reports/Evidence_Atlas.pdf#page=7,figures/F03_far.png,F03_FAR_NATIVE_EVIDENCE.png,9bc496374501e8f49375e08a6a959fdfbc5f415330e8fead884ee591c0da5c05,"Native ROI, fixed pixel-selected returns, released yaw box and XY/XZ",All existing selection rows and tail/outlier returns are retained. Metric face clearance is not object-center error.
scene_36_39|Vehicle:10|0032,8,reports/Evidence_Atlas.pdf#page=8,SOURCE_NOT_INCLUDED/F03_FAR__ORTHOGRAPHIC_XY_XZ_YZ.png,F03_FAR__ORTHOGRAPHIC_XY_XZ_YZ.png,c206f28b52725d25b9363b9dd87d9893ba105715fc7d18daba02290e2c3603e9,"Camera-independent XY/BEV, XZ, YZ and labeled local enlargement",Joint translation/rotation of boxes and points is for display only. The existing point set is retained; no compensation or fit is applied.
scene_36_39|Vehicle:10|0070,9,reports/Evidence_Atlas.pdf#page=9,figures/F03_near.png,F03_NEAR_MID_NATIVE_EVIDENCE.png,3dd8a131814330edbd71d1ec50c298477a8b7ca42ac80bf8ca44598c892967da,"Native ROI, fixed pixel-selected returns, released yaw box and XY/XZ",All existing selection rows and tail/outlier returns are retained. Metric face clearance is not object-center error.
scene_36_39|Vehicle:10|0070,10,reports/Evidence_Atlas.pdf#page=10,SOURCE_NOT_INCLUDED/F03_NEAR_MID__ORTHOGRAPHIC_XY_XZ_YZ.png,F03_NEAR_MID__ORTHOGRAPHIC_XY_XZ_YZ.png,2cccac3e0d9e9376b69d06b092f8bf5779e84d257f62d5a95ba6e2de5b3935de,"Camera-independent XY/BEV, XZ, YZ and labeled local enlargement",Joint translation/rotation of boxes and points is for display only. The existing point set is retained; no compensation or fit is applied.
scene_36_39|Vehicle:10|0070,11,reports/Evidence_Atlas.pdf#page=11,SOURCE_NOT_INCLUDED/F03_NEAR_MID__sideward_right_front_wide__CAMERA_CONTEXT.png,F03_NEAR_MID__sideward_right_front_wide__CAMERA_CONTEXT.png,5ac435adcdd67aef460e462b132fda4cf8f589a88e0c035342569a76f46e2348,Right-front candidate camera: independent surface view N/A,480 points and 3 corners enter at the extreme left edge. The clean JPEG does not confirm the same rear door; this is not a confirmed second view.
scene_28_12|Vehicle:11|0062,12,reports/Evidence_Atlas.pdf#page=12,SOURCE_NOT_INCLUDED/N04_FAR_EVIDENCE.png,N04_FAR_EVIDENCE.png,28af53f7b82b013311076009b4b594088a7df030a7f09285d07471a7866749b4,"Native camera, GT and historical search returns",The corridor depends on GT; physical attribution is moderate. A largest tail point is not whole-surface displacement.
scene_28_12|Vehicle:11|0062,13,reports/Evidence_Atlas.pdf#page=13,SOURCE_NOT_INCLUDED/N04_FAR_SURFACE_DETAIL.png,N04_FAR_SURFACE_DETAIL.png,5c44e22e0dede13ba7c400c2397b581938adc479dfd3e1e7cfc53eae9e1e338c,Existing 57-point corridor and end-face details,"25/57 cross the end face; maximum 0.840725 m, overall median -1.258017 m. This is not center error."
scene_28_12|Vehicle:11|0100,14,reports/Evidence_Atlas.pdf#page=14,SOURCE_NOT_INCLUDED/N04_NEAR_EVIDENCE.png,N04_NEAR_EVIDENCE.png,5a3e2fe7b85f8c7566aa2322a1365ece0eb6de600ee49c977101ac20eb36600d,"Native camera, full GT and unassigned historical search returns",Gray/search returns are not automatically target points. Projected rectangle-center differences are not independently measured physical center errors.
scene_36_39|Vehicle:1|0032,15,reports/Evidence_Atlas.pdf#page=15,SOURCE_NOT_INCLUDED/F04_NEAR_MID_NATIVE_EVIDENCE.png,F04_NEAR_MID_NATIVE_EVIDENCE.png,7d150bbf2f3d8cab785ae5236a8cfe81b13fe4140003d7eaaf0fb2e2f9894e2e,"Native ROI, released yaw box and existing point selection",F02's selected grille has no returns; F04 is partially consistent only. No complete-agreement control is established; road/background points are not forced into a match.
scene_36_27|Vehicle:10|0034,16,reports/Evidence_Atlas.pdf#page=16,SOURCE_NOT_INCLUDED/F02_FAR_NATIVE_EVIDENCE.png,F02_FAR_NATIVE_EVIDENCE.png,9b5a6aa3793cb210ebfb5dd60428d846394d859b1865c7b52176e3214af89949,"Native ROI, released yaw box and existing point selection",F02's selected grille has no returns; F04 is partially consistent only. No complete-agreement control is established; road/background points are not forced into a match.
scene_36_27|Vehicle:10|0056,17,reports/Evidence_Atlas.pdf#page=17,SOURCE_NOT_INCLUDED/F02_NEAR_MID_NATIVE_EVIDENCE.png,F02_NEAR_MID_NATIVE_EVIDENCE.png,515b57a4643c8871084906d71dd21f55e202b4cca617c95599bbe4c9531b49c2,"Native ROI, released yaw box and existing point selection",F02's selected grille has no returns; F04 is partially consistent only. No complete-agreement control is established; road/background points are not forced into a match.
scene_42_8|Vehicle:87|0178,18,reports/Evidence_Atlas.pdf#page=18,SOURCE_NOT_INCLUDED/H02_HISTORICAL_NEAR_EVIDENCE.png,H02_HISTORICAL_NEAR_EVIDENCE.png,4f8b4493652be0aff8520631a0ea130ec763b522fef30ca546de506b7965fcd5,"Native camera, full GT and unassigned historical search returns",Gray/search returns are not automatically target points. Projected rectangle-center differences are not independently measured physical center errors.
scene_28_9|Vehicle:6|0285,19,reports/Evidence_Atlas.pdf#page=19,SOURCE_NOT_INCLUDED/N01_NEAR_EVIDENCE.png,N01_NEAR_EVIDENCE.png,5f033faf71b2a77926534721b55c8110d8eca5f427ad2273251b94378adfb15b,"Native camera, full GT and unassigned historical search returns",Gray/search returns are not automatically target points. Projected rectangle-center differences are not independently measured physical center errors.
scene_28_9|Vehicle:6|0324,20,reports/Evidence_Atlas.pdf#page=20,SOURCE_NOT_INCLUDED/N01_FAR_EVIDENCE.png,N01_FAR_EVIDENCE.png,41b0d2e3b41a577d0df8654a947eefbe458b05bd38d5c1e76222c01f67803fa6,"Native camera, full GT and unassigned historical search returns",Gray/search returns are not automatically target points. Projected rectangle-center differences are not independently measured physical center errors.
scene_28_9|Vehicle:8|0253,21,reports/Evidence_Atlas.pdf#page=21,SOURCE_NOT_INCLUDED/N02_NEAR_EVIDENCE.png,N02_NEAR_EVIDENCE.png,75d0fde6752fdab85e81abd00fef39169dda5c79c6d2bfa00a9f9da248819f2c,"Native camera, full GT and unassigned historical search returns",Gray/search returns are not automatically target points. Projected rectangle-center differences are not independently measured physical center errors.
scene_28_9|Vehicle:8|0340,22,reports/Evidence_Atlas.pdf#page=22,SOURCE_NOT_INCLUDED/N02_FAR_EVIDENCE.png,N02_FAR_EVIDENCE.png,2c90d95bae8d0c57e16b41bb902e59d45710948c906a3cb740c53cb9cf27c0a9,"Native camera, full GT and unassigned historical search returns",Gray/search returns are not automatically target points. Projected rectangle-center differences are not independently measured physical center errors.
scene_28_12|Vehicle:9|0086,23,reports/Evidence_Atlas.pdf#page=23,SOURCE_NOT_INCLUDED/N03_NEAR_EVIDENCE.png,N03_NEAR_EVIDENCE.png,733a6e025baf22aee3361f734dfc60ff9073fc7e397bb2e550ec2df29e203ef7,"Native camera, full GT and unassigned historical search returns",Gray/search returns are not automatically target points. Projected rectangle-center differences are not independently measured physical center errors.
scene_28_12|Vehicle:9|0126,24,reports/Evidence_Atlas.pdf#page=24,SOURCE_NOT_INCLUDED/N03_FAR_EVIDENCE.png,N03_FAR_EVIDENCE.png,3655543a103ec275b392129bb026d6c36dd343c0dfdfe26d47811381dd4577b4,"Native camera, full GT and unassigned historical search returns",Gray/search returns are not automatically target points. Projected rectangle-center differences are not independently measured physical center errors.
scene_36_39|RoadObstruction:5|0090,25,reports/Evidence_Atlas.pdf#page=25,SOURCE_NOT_INCLUDED/C01_TARGET_TWO_VIEWS.png,C01_TARGET_TWO_VIEWS.png,5a9a5e366dedb68818439c54a2c7b9561436bce89ff79443c178123472a7267f,Same 11 rows projected in forward and side cameras,The side-image rectangle defines selection; 9 points project to the right of the visible forward-image barrel box. This supports a correspondence question; physical attribution is unverified.
scene_36_39|RoadObstruction:5|0090,26,reports/Evidence_Atlas.pdf#page=26,SOURCE_NOT_INCLUDED/C01_PREPROJECTION_SPACE.png,C01_PREPROJECTION_SPACE.png,eab6ab64eac06c98e74230b8cc0e71a1d100b61a4224ae0f22ad14310a3cbbe8,Existing preprojection geometry of the same 11 points,All points outside the GT OBB are a local clue. Cluster statistics do not substitute for the complete barrel center.
scene_36_39|RoadObstruction:5|0090,27,reports/Evidence_Atlas.pdf#page=27,SOURCE_NOT_INCLUDED/C01_SAME_FRAME_CONTROLS.png,C01_SAME_FRAME_CONTROLS.png,991d1b6f4c84cb06001a059ceb78151fc0bfeaa60ab0795480c85b9fed93215b,Existing same-frame projection controls,Other same-frame barrels are auxiliary projection controls; they add no cases and do not certify GT parameter error.
scene_28_9|RoadObstruction:22|0346,28,reports/Evidence_Atlas.pdf#page=28,SOURCE_NOT_INCLUDED/C02_ZERO_GEOMETRY_REVIEW_V1.png,C02_ZERO_GEOMETRY_REVIEW_V1.png,3efa9f6808b30c8a2271716bd942b83b9fd211c0d6bf0e09dd857c99864b323b,"Native projection review; historical model boxes are auxiliary, not truth",Zero OBB points do not imply no neighborhood returns. GT-assisted candidate identity is unconfirmed and does not prove inference of a particular barrel.
scene_28_9|RoadObstruction:18|0107,29,reports/Evidence_Atlas.pdf#page=29,SOURCE_NOT_INCLUDED/C05_FAR_ZERO_MEDIAN_REVIEW_V1.png,C05_FAR_ZERO_MEDIAN_REVIEW_V1.png,4c0e4af80b8a84d6d488c2737a198a8a2008be40d2e87024582f71864c2d3608,"Native projection review; historical model boxes are auxiliary, not truth",Zero OBB points do not imply no neighborhood returns. GT-assisted candidate identity is unconfirmed and does not prove inference of a particular barrel.
scene_28_9|RoadObstruction:18|0107,30,reports/Evidence_Atlas.pdf#page=30,SOURCE_NOT_INCLUDED/C05_NEIGHBOR_AUDIT_V1.png,C05_NEIGHBOR_AUDIT_V1.png,4dad31c7792d51b3d5aa6678a8debf8f11b406b1f6da87206d192a52f7525d01,Unassigned neighborhood coordinates and historical candidates,Displayed point IDs are local indices; pointwise raw indices were not saved. Candidates and neighborhood clusters are not barrel truth.
scene_36_39|RoadObstruction:7|0057,31,reports/Evidence_Atlas.pdf#page=31,SOURCE_NOT_INCLUDED/C06_FAR_ZERO_GEOMETRY_REVIEW_V1.png,C06_FAR_ZERO_GEOMETRY_REVIEW_V1.png,482c9ed04e3f163a5490a86111c97b936cf4e61001ac6fe0b10f38df4eefe879,"Native projection review; historical model boxes are auxiliary, not truth",Zero OBB points do not imply no neighborhood returns. GT-assisted candidate identity is unconfirmed and does not prove inference of a particular barrel.
