case_key,tier,display_id,scene,object_id,Tracking_ID,sync_id,sample_frame_index,source_global_frame_id_note,native_subclass,mapped_class,camera,range_XY_m,annotation_filename,Aeva_filename,JPEG_filename,annotation_JSON_pointer,annotation_record_index_0based,annotation_object_id_line_1based,frozen_GT_instance_index,native_x_y_z_l_w_h_yaw,hardLabel_3d_value,hardLabel_3d_type,interpolated,Parent_id,native_vs_frozen_7D_exact,full_cloud_GT_OBB_points,prior_verdict,fixed_subset_N,outside_face_N,inside_full_OBB_N,face,median_m,p05_m,p95_m,selection,point_index_filter,already_checked,still_unknown,technical_question,atlas_pages
scene_35_31|Vehicle:97|0188,primary,H01_HISTORICAL_NEAR,scene_35_31,Vehicle:97,97,188,100556,0 is placeholder; sample_frame_index and scene/sync identify this frame,Vehicle-SemiTruck-Trailer,Vehicle,sideward_left_front_wide,96.98979241561263,0188_18772164305.json,0188_18800014336.bin,0188_18772057630.jpg,/56,56,8423,36,"[19.076901017804516, 95.09517169857004, -3.654671088541736, 16.0, 2.8, 4.039560228104311, 1.8221541532154788]",False,str,False,Vehicle:96,True,316,CLEAR_SURFACE_BOUNDARY_INCONSISTENCY,589,565,24,+Y side,0.4435033896081837,0.06528211634028663,0.6138563873073881,"GT-independent visible-panel pixel polygon; post hoc manual, not blind",pixel_panel_589==1,"Object/Tracking_ID and 7D, geometric center and dimension order, independent Aeva/camera transform chains and cached point counts were checked. H01 also checked float precision, inverse poses, historical clipping and Cab containment.","Publisher-release identity, per-point time_offset zero/sign, upstream joint-cloud deskew/object compensation, GT/global2velodyne reference times, physical sensor_id mapping, JPEG generation/rectification and the calibration contract remain unresolved.",Check Vehicle:97's 2.8 m width/surface-enclosure convention and why 565/589 existing sidewall returns cross the +Y face with median clearance 0.443503 m. Provide joint/GT reference times and the sensor id5 calibration/compensation contract.,"[2, 3]"
scene_35_31|Vehicle:97|0129,inconclusive,H01_FAR,scene_35_31,Vehicle:97,97,129,100497,0 is placeholder; sample_frame_index and scene/sync identify this frame,Vehicle-SemiTruck-Trailer,Vehicle,sideward_left_front_wide,199.9626057006359,0129_12872043305.json,0129_12900100608.bin,0129_12872110380.jpg,/27,27,4005,19,"[175.02544971260892, 96.70127006139569, 0.5380362750577037, 16.0, 2.8, 4.039560228104311, 1.8605137141756503]",True,str,False,Vehicle:96,True,16,INCONCLUSIVE_SPARSE_SURFACE,,,,,,,,,,"Projected rectangle centers, cluster means and model candidates are not independently certified object centers. Zero OBB points do not imply no neighborhood observation.","Publisher-release identity, per-point time_offset zero/sign, upstream joint-cloud deskew/object compensation, GT/global2velodyne reference times, physical sensor_id mapping, JPEG generation/rectification and the calibration contract remain unresolved.",Check Vehicle:97's 2.8 m width/surface-enclosure convention and why 565/589 existing sidewall returns cross the +Y face with median clearance 0.443503 m. Provide joint/GT reference times and the sensor id5 calibration/compensation contract.,[4]
scene_36_27|Vehicle:3|0118,primary,F01_NEAR_MID,scene_36_27,Vehicle:3,3,118,100685,0 is placeholder; sample_frame_index and scene/sync identify this frame,Vehicle-Passenger,Vehicle,forward_center_medium,74.87619755216309,0118_11771923897.json,0118_11799845120.bin,0118_11771923897.jpg,/8,8,1279,2,"[74.81178311131981, 3.1051678819990647, -1.245964406526638, 5.972050278468709, 2.3645112527139274, 2.7429403784607764, -0.014049438657610658]",True,str,False,1,True,136,CLEAR_SURFACE_MISMATCH,1461,1351,109,-X rear,0.4612512073185857,-0.12385528659148815,1.060583610955657,visible-panel pixel polygon and positive camera depth only; mixtures retained,all rows,"Object/Tracking_ID and 7D, geometric center and dimension order, independent Aeva/camera transform chains and cached point counts were checked. H01 also checked float precision, inverse poses, historical clipping and Cab containment.","Publisher-release identity, per-point time_offset zero/sign, upstream joint-cloud deskew/object compensation, GT/global2velodyne reference times, physical sensor_id mapping, JPEG generation/rectification and the calibration contract remain unresolved.","Explain the approximately 0.461251 m clearance between the visible van rear-door return band and the released rear longitudinal face. Clarify sensor_id1/2, enclosure convention and joint/GT compensation reference times; not all 1461 points are certified pure body returns.","[5, 6]"
scene_36_39|Vehicle:10|0032,primary,F03_FAR,scene_36_39,Vehicle:10,10,32,100745,0 is placeholder; sample_frame_index and scene/sync identify this frame,Vehicle-SemiTruck-Trailer,Vehicle,forward_center_medium,186.1206569709082,0032_3172010775.json,0032_3199999488.bin,0032_3172010775.jpg,/31,31,5386,21,"[185.71841166685385, -12.229902666149176, -0.9287890640412848, 16.16861612502958, 3.38077599608885, 4.002887018056859, -0.02109958776558818]",True,str,False,1,True,51,CLEAR_SURFACE_MISMATCH,282,282,0,-X rear,0.685512158787728,0.4771163999606819,0.9807044468806978,visible-panel pixel polygon and positive camera depth only; mixtures retained,all rows,"Object/Tracking_ID and 7D, geometric center and dimension order, independent Aeva/camera transform chains and cached point counts were checked. H01 also checked float precision, inverse poses, historical clipping and Cab containment.","Publisher-release identity, per-point time_offset zero/sign, upstream joint-cloud deskew/object compensation, GT/global2velodyne reference times, physical sensor_id mapping, JPEG generation/rectification and the calibration contract remain unresolved.",Check rear-door/rear-face clearances 0.472415/0.685512 m at sync0070/0032 separately and their joint/GT references. The near Cab contains none of the selected points. The right-front projection candidate does not independently confirm the same entity and is not a valid second view.,"[7, 8]"
scene_36_39|Vehicle:10|0070,primary,F03_NEAR_MID,scene_36_39,Vehicle:10,10,70,100783,0 is placeholder; sample_frame_index and scene/sync identify this frame,Vehicle-SemiTruck-Trailer,Vehicle,forward_center_medium,76.29790807270071,0070_6971962325.json,0070_6999973888.bin,0070_6971962325.jpg,/34,34,5487,23,"[75.55454692105218, -10.624557206058656, -1.0449205225575726, 16.16861612502958, 3.38077599608885, 4.002887018056859, -0.00890182342140422]",False,str,False,Vehicle:11,True,817,CLEAR_SURFACE_MISMATCH,1600,1592,5,-X rear,0.4724149279852403,0.2976122485236993,0.6729429809448098,visible-panel pixel polygon and positive camera depth only; mixtures retained,all rows,"Object/Tracking_ID and 7D, geometric center and dimension order, independent Aeva/camera transform chains and cached point counts were checked. H01 also checked float precision, inverse poses, historical clipping and Cab containment.","Publisher-release identity, per-point time_offset zero/sign, upstream joint-cloud deskew/object compensation, GT/global2velodyne reference times, physical sensor_id mapping, JPEG generation/rectification and the calibration contract remain unresolved.",Check rear-door/rear-face clearances 0.472415/0.685512 m at sync0070/0032 separately and their joint/GT references. The near Cab contains none of the selected points. The right-front projection candidate does not independently confirm the same entity and is not a valid second view.,"[9, 10, 11]"
scene_28_12|Vehicle:11|0062,supplementary,N04_FAR,scene_28_12,Vehicle:11,11,62,100000,0 is placeholder; sample_frame_index and scene/sync identify this frame,Vehicle-SemiTruck-Cab,Vehicle,forward_center_medium,181.24867287658813,0062_3172315028.json,0062_3200299776.bin,0062_3172315028.jpg,/19,19,2970,3,"[177.78087668977645, 35.28514280740481, -1.1771714743918245, 5.512211225024792, 3.4323398248728365, 4.162360201385745, -3.100314678376114]",True,str,False,1,True,39,MODERATE_LONGITUDINAL_BOUNDARY_INCONSISTENCY,57,25,,+X longitudinal end,-1.2580168754907544,-2.309262382088602,0.690338038176886,GT-dependent native2D-ray Cab-body-like corridor; physical attribution moderate,all 57 previously fixed rows,Native 7D/transforms and image correspondence were checked. The corridor depends on GT geometry; point attribution is only moderate.,"Publisher-release identity, per-point time_offset zero/sign, upstream joint-cloud deskew/object compensation, GT/global2velodyne reference times, physical sensor_id mapping, JPEG generation/rectification and the calibration contract remain unresolved.","In the far Cab's GT-dependent 57-point corridor, 25 points cross the end face; maximum 0.840725 m. Most points do not cross it and attribution is moderate. Independent surface correspondence and enclosure definitions are required before judging box parameters.","[12, 13]"
scene_28_12|Vehicle:11|0100,inconclusive,N04_NEAR,scene_28_12,Vehicle:11,11,100,100019,0 is placeholder; sample_frame_index and scene/sync identify this frame,Vehicle-SemiTruck-Cab,Vehicle,sideward_left_front_wide,73.91794100042794,0100_5072287378.json,0100_5100320000.bin,0100_5072400028.jpg,/18,18,2699,3,"[64.37722362312383, 36.32402896597587, -1.3105640628461477, 5.512211225024792, 3.4323398248728365, 4.162360201385745, 3.1121955189428148]",True,str,False,1,True,5,PROJECTION_DISCREPANCY_3D_INCONCLUSIVE,,,,,,,,,,"Projected rectangle centers, cluster means and model candidates are not independently certified object centers. Zero OBB points do not imply no neighborhood observation.","Publisher-release identity, per-point time_offset zero/sign, upstream joint-cloud deskew/object compensation, GT/global2velodyne reference times, physical sensor_id mapping, JPEG generation/rectification and the calibration contract remain unresolved.","In the far Cab's GT-dependent 57-point corridor, 25 points cross the end face; maximum 0.840725 m. Most points do not cross it and attribution is moderate. Independent surface correspondence and enclosure definitions are required before judging box parameters.",[14]
scene_36_39|Vehicle:1|0032,inconclusive,F04_NEAR_MID,scene_36_39,Vehicle:1,1,32,100745,0 is placeholder; sample_frame_index and scene/sync identify this frame,Vehicle-Passenger,Vehicle,forward_center_medium,93.89556834978238,0032_3172010775.json,0032_3199999488.bin,0032_3172010775.jpg,/30,30,5210,20,"[93.89502930736155, 0.31816206305705585, -2.0816931593331094, 4.671515455546592, 2.031444433965367, 1.6940718149129532, -0.027888984547876916]",True,str,False,1,True,75,PARTIAL_CONSISTENCY_UNDETERMINED,,,,,,,,,,"Projected rectangle centers, cluster means and model candidates are not independently certified object centers. Zero OBB points do not imply no neighborhood observation.","Publisher-release identity, per-point time_offset zero/sign, upstream joint-cloud deskew/object compensation, GT/global2velodyne reference times, physical sensor_id mapping, JPEG generation/rectification and the calibration contract remain unresolved.","Provide publisher-member identity, the matching JPEG/calibration, timing references and independently verifiable surface correspondence. Existing sparse/mixed/occluded evidence cannot establish erroneous 3D GT parameters.",[15]
scene_36_27|Vehicle:10|0034,inconclusive,F02_FAR,scene_36_27,Vehicle:10,10,34,100601,0 is placeholder; sample_frame_index and scene/sync identify this frame,Vehicle-SemiTruck-Cab,Vehicle,forward_center_medium,198.59117210748886,0034_3371912197.json,0034_3399931648.bin,0034_3371912197.jpg,/2,2,458,0,"[196.63899360283392, 27.776965887060197, 1.0777893898089217, 6.352231843303528, 2.9314290145979145, 4.119690944508955, -3.1244941403909277]",True,str,False,1,True,0,UNDETERMINED_NO_PANEL_RETURNS,,,,,,,,,,"Projected rectangle centers, cluster means and model candidates are not independently certified object centers. Zero OBB points do not imply no neighborhood observation.","Publisher-release identity, per-point time_offset zero/sign, upstream joint-cloud deskew/object compensation, GT/global2velodyne reference times, physical sensor_id mapping, JPEG generation/rectification and the calibration contract remain unresolved.","Provide publisher-member identity, the matching JPEG/calibration, timing references and independently verifiable surface correspondence. Existing sparse/mixed/occluded evidence cannot establish erroneous 3D GT parameters.",[16]
scene_36_27|Vehicle:10|0056,inconclusive,F02_NEAR_MID,scene_36_27,Vehicle:10,10,56,100623,0 is placeholder; sample_frame_index and scene/sync identify this frame,Vehicle-SemiTruck-Cab,Vehicle,forward_center_medium,74.9075668747542,0056_5571843247.json,0056_5599937536.bin,0056_5571843247.jpg,/3,3,504,0,"[69.21478306574011, 28.643627218952346, -0.8012694800486249, 6.352231843303528, 2.9314290145979145, 4.119690944508955, 3.130243365512774]",True,str,False,1,True,2,UNDETERMINED_NO_PANEL_RETURNS,,,,,,,,,,"Projected rectangle centers, cluster means and model candidates are not independently certified object centers. Zero OBB points do not imply no neighborhood observation.","Publisher-release identity, per-point time_offset zero/sign, upstream joint-cloud deskew/object compensation, GT/global2velodyne reference times, physical sensor_id mapping, JPEG generation/rectification and the calibration contract remain unresolved.","Provide publisher-member identity, the matching JPEG/calibration, timing references and independently verifiable surface correspondence. Existing sparse/mixed/occluded evidence cannot establish erroneous 3D GT parameters.",[17]
scene_42_8|Vehicle:87|0178,inconclusive,H02_HISTORICAL_NEAR,scene_42_8,Vehicle:87,87,178,100981,0 is placeholder; sample_frame_index and scene/sync identify this frame,Vehicle-Passenger,Vehicle,sideward_right_front_wide,61.097636751988254,0178_17771953930.json,0178_17800050944.bin,0178_17772086730.jpg,/63,63,8864,31,"[-1.5133114009261135, -61.078892469344375, -4.606794475318457, 6.718501364814997, 2.298045002819129, 2.235868692957206, 0.6061568701883413]",True,str,False,1,True,144,PROJECTION_DISCREPANCY_3D_INCONCLUSIVE,,,,,,,,,,"Projected rectangle centers, cluster means and model candidates are not independently certified object centers. Zero OBB points do not imply no neighborhood observation.","Publisher-release identity, per-point time_offset zero/sign, upstream joint-cloud deskew/object compensation, GT/global2velodyne reference times, physical sensor_id mapping, JPEG generation/rectification and the calibration contract remain unresolved.","Provide publisher-member identity, the matching JPEG/calibration, timing references and independently verifiable surface correspondence. Existing sparse/mixed/occluded evidence cannot establish erroneous 3D GT parameters.",[18]
scene_28_9|Vehicle:6|0285,inconclusive,N01_NEAR,scene_28_9,Vehicle:6,6,285,100312,0 is placeholder; sample_frame_index and scene/sync identify this frame,Vehicle-Passenger,Vehicle,rearward_left_bottom_medium,73.93684139944725,0285_14302590864.json,0285_14330546432.bin,0285_14302547839.jpg,/52,52,7621,48,"[-65.12696146341227, 35.001934327551524, -3.3934099236368063, 4.466714609144663, 1.9, 1.8622988420067477, -3.1133389659149464]",true,str,nearestNeighborInterpolation,nan,True,0,PROJECTION_DISCREPANCY_3D_INCONCLUSIVE,,,,,,,,,,"Projected rectangle centers, cluster means and model candidates are not independently certified object centers. Zero OBB points do not imply no neighborhood observation.","Publisher-release identity, per-point time_offset zero/sign, upstream joint-cloud deskew/object compensation, GT/global2velodyne reference times, physical sensor_id mapping, JPEG generation/rectification and the calibration contract remain unresolved.","Provide publisher-member identity, the matching JPEG/calibration, timing references and independently verifiable surface correspondence. Existing sparse/mixed/occluded evidence cannot establish erroneous 3D GT parameters.",[19]
scene_28_9|Vehicle:6|0324,inconclusive,N01_FAR,scene_28_9,Vehicle:6,6,324,100331,0 is placeholder; sample_frame_index and scene/sync identify this frame,Vehicle-Passenger,Vehicle,rearward_left_bottom_medium,176.08799787496105,0324_16202571464.json,0324_16230544384.bin,0324_16202680989.jpg,/42,42,6313,39,"[-171.89708844199632, 38.18866298755146, -5.156778389149115, 4.466714609144663, 1.9, 1.8622988420067477, 3.1274434627756067]",True,str,False,1,True,5,PROJECTION_DISCREPANCY_3D_INCONCLUSIVE,,,,,,,,,,"Projected rectangle centers, cluster means and model candidates are not independently certified object centers. Zero OBB points do not imply no neighborhood observation.","Publisher-release identity, per-point time_offset zero/sign, upstream joint-cloud deskew/object compensation, GT/global2velodyne reference times, physical sensor_id mapping, JPEG generation/rectification and the calibration contract remain unresolved.","Provide publisher-member identity, the matching JPEG/calibration, timing references and independently verifiable surface correspondence. Existing sparse/mixed/occluded evidence cannot establish erroneous 3D GT parameters.",[20]
scene_28_9|Vehicle:8|0253,inconclusive,N02_NEAR,scene_28_9,Vehicle:8,8,253,100296,0 is placeholder; sample_frame_index and scene/sync identify this frame,Vehicle-Passenger,Vehicle,sideward_left_front_wide,74.9627432336945,0253_12702560439.json,0253_12730530560.bin,0253_12702520814.jpg,/56,56,8264,52,"[65.45244414747464, 36.542994242980726, -1.3548375299466944, 5.520317421596138, 2.2, 2.1, -3.0678602097943655]",true,str,nearestNeighborInterpolation,nan,True,17,PROJECTION_DISCREPANCY_3D_INCONCLUSIVE,,,,,,,,,,"Projected rectangle centers, cluster means and model candidates are not independently certified object centers. Zero OBB points do not imply no neighborhood observation.","Publisher-release identity, per-point time_offset zero/sign, upstream joint-cloud deskew/object compensation, GT/global2velodyne reference times, physical sensor_id mapping, JPEG generation/rectification and the calibration contract remain unresolved.","Provide publisher-member identity, the matching JPEG/calibration, timing references and independently verifiable surface correspondence. Existing sparse/mixed/occluded evidence cannot establish erroneous 3D GT parameters.",[21]
scene_28_9|Vehicle:8|0340,inconclusive,N02_FAR,scene_28_9,Vehicle:8,8,340,100339,0 is placeholder; sample_frame_index and scene/sync identify this frame,Vehicle-Passenger,Vehicle,rearward_left_bottom_medium,201.33702436474917,0340_17002659989.json,0340_17030526976.bin,0340_17002597014.jpg,/44,44,6667,41,"[-197.42439254241938, 39.499450746919294, -5.4122851292018455, 5.520317421596138, 2.2, 2.1, 3.119921152470516]",true,str,nearestNeighborInterpolation,nan,True,0,PROJECTION_DISCREPANCY_3D_INCONCLUSIVE,,,,,,,,,,"Projected rectangle centers, cluster means and model candidates are not independently certified object centers. Zero OBB points do not imply no neighborhood observation.","Publisher-release identity, per-point time_offset zero/sign, upstream joint-cloud deskew/object compensation, GT/global2velodyne reference times, physical sensor_id mapping, JPEG generation/rectification and the calibration contract remain unresolved.","Provide publisher-member identity, the matching JPEG/calibration, timing references and independently verifiable surface correspondence. Existing sparse/mixed/occluded evidence cannot establish erroneous 3D GT parameters.",[22]
scene_28_12|Vehicle:9|0086,inconclusive,N03_NEAR,scene_28_12,Vehicle:9,9,86,100012,0 is placeholder; sample_frame_index and scene/sync identify this frame,Vehicle-SemiTruck-Cab,Vehicle,rearward_left_bottom_medium,72.90676886894013,0086_4372292353.json,0086_4400321536.bin,0086_4372386578.jpg,/26,26,3909,11,"[-65.18375888161, 32.65692154770851, -2.1725319415456976, 5.8, 3.49651140311842, 4.2250484541403, 3.1364756904081217]",True,str,False,1,True,0,PROJECTION_DISCREPANCY_3D_INCONCLUSIVE,,,,,,,,,,"Projected rectangle centers, cluster means and model candidates are not independently certified object centers. Zero OBB points do not imply no neighborhood observation.","Publisher-release identity, per-point time_offset zero/sign, upstream joint-cloud deskew/object compensation, GT/global2velodyne reference times, physical sensor_id mapping, JPEG generation/rectification and the calibration contract remain unresolved.","Provide publisher-member identity, the matching JPEG/calibration, timing references and independently verifiable surface correspondence. Existing sparse/mixed/occluded evidence cannot establish erroneous 3D GT parameters.",[23]
scene_28_12|Vehicle:9|0126,inconclusive,N03_FAR,scene_28_12,Vehicle:9,9,126,100032,0 is placeholder; sample_frame_index and scene/sync identify this frame,Vehicle-SemiTruck-Cab,Vehicle,rearward_left_bottom_medium,196.87194798440476,0126_6372369878.json,0126_6400329216.bin,0126_6372450278.jpg,/25,25,3676,10,"[-193.8532521280303, 34.34356624697669, -3.4574000976706216, 5.8, 3.49651140311842, 4.2250484541403, 3.122481915072144]",True,str,False,1,True,6,PROJECTION_DISCREPANCY_3D_INCONCLUSIVE,,,,,,,,,,"Projected rectangle centers, cluster means and model candidates are not independently certified object centers. Zero OBB points do not imply no neighborhood observation.","Publisher-release identity, per-point time_offset zero/sign, upstream joint-cloud deskew/object compensation, GT/global2velodyne reference times, physical sensor_id mapping, JPEG generation/rectification and the calibration contract remain unresolved.","Provide publisher-member identity, the matching JPEG/calibration, timing references and independently verifiable surface correspondence. Existing sparse/mixed/occluded evidence cannot establish erroneous 3D GT parameters.",[24]
scene_36_39|RoadObstruction:5|0090,inconclusive,C01_ZERO_MEDIAN_HISTORICAL_CASE,scene_36_39,RoadObstruction:5,5,90,100803,0 is placeholder; sample_frame_index and scene/sync identify this frame,RoadObstruction-Barrel,RoadObstruction,forward_center_medium,116.1702698307018,0090_8972037150.json,0090_8999981568.bin,0090_8972037150.jpg,/19,19,2990,19,"[100.90568558957744, 57.56365353446051, -4.284547347041229, 0.6048837279192867, 0.6011456107116402, 1.1972387870303978, 0.02455810290079352]",True,str,False,-1,True,0,UNRESOLVED,,,,,,,,,,"Projected rectangle centers, cluster means and model candidates are not independently certified object centers. Zero OBB points do not imply no neighborhood observation.","Publisher-release identity, per-point time_offset zero/sign, upstream joint-cloud deskew/object compensation, GT/global2velodyne reference times, physical sensor_id mapping, JPEG generation/rectification and the calibration contract remain unresolved.","Most of the same 11 existing side-camera-rectangle returns project to the right of the visible barrel in the forward camera. Provide traceable JPEG formation/rectification, matching calibration and independently certified 3D-point/pixel correspondence. This does not uniquely establish an erroneous barrel GT position.","[25, 26, 27]"
scene_28_9|RoadObstruction:22|0346,inconclusive,C02_ZERO_GEOMETRY_HISTORICAL_CASE,scene_28_9,RoadObstruction:22,22,346,100342,0 is placeholder; sample_frame_index and scene/sync identify this frame,RoadObstruction-Barrel,RoadObstruction,rearward_left_bottom_medium,73.50588031056894,0346_17302619914.json,0346_17330528768.bin,0346_17302554139.jpg,/10,10,1341,10,"[-72.77202419117998, 10.360836614385974, -3.776841593666213, 0.757815869, 0.792979459, 1.1, -0.0782360598645333]",True,str,False,-1,True,0,UNRESOLVED,,,,,,,,,,"Projected rectangle centers, cluster means and model candidates are not independently certified object centers. Zero OBB points do not imply no neighborhood observation.","Publisher-release identity, per-point time_offset zero/sign, upstream joint-cloud deskew/object compensation, GT/global2velodyne reference times, physical sensor_id mapping, JPEG generation/rectification and the calibration contract remain unresolved.","Provide publisher-member identity, the matching JPEG/calibration, timing references and independently verifiable surface correspondence. Existing sparse/mixed/occluded evidence cannot establish erroneous 3D GT parameters.",[28]
scene_28_9|RoadObstruction:18|0107,inconclusive,C05_FAR_ZERO_MEDIAN_HISTORICAL_CASE,scene_28_9,RoadObstruction:18,18,107,100223,0 is placeholder; sample_frame_index and scene/sync identify this frame,RoadObstruction-Barrel,RoadObstruction,forward_center_medium,187.66456206761026,0107_5402601914.json,0107_5430499584.bin,0107_5402601914.jpg,/9,9,1565,9,"[185.29306011673665, 29.740035786854015, -1.5451500783677483, 0.757815869, 0.792979459, 1.1, 0.027033279004447408]",True,str,False,-1,True,0,UNRESOLVED,,,,,,,,,,"Projected rectangle centers, cluster means and model candidates are not independently certified object centers. Zero OBB points do not imply no neighborhood observation.","Publisher-release identity, per-point time_offset zero/sign, upstream joint-cloud deskew/object compensation, GT/global2velodyne reference times, physical sensor_id mapping, JPEG generation/rectification and the calibration contract remain unresolved.",Check two-camera 2D/3D correspondence and visible-cluster identity. Zero OBB points and GT-assisted candidates cannot prove inference of this particular barrel or establish physical GT parameter error.,"[29, 30]"
scene_36_39|RoadObstruction:7|0057,inconclusive,C06_FAR_ZERO_GEOMETRY_HISTORICAL_CASE,scene_36_39,RoadObstruction:7,7,57,100770,0 is placeholder; sample_frame_index and scene/sync identify this frame,RoadObstruction-Barrel,RoadObstruction,forward_center_medium,219.6573334524622,0057_5672058500.json,0057_5699987200.bin,0057_5672058500.jpg,/17,17,3004,17,"[213.58862544058348, 51.27614671412337, -4.412032182862046, 0.6048837279192867, 0.6011456107116402, 1.1972387870303978, 0.004978982410258848]",True,str,False,-1,True,0,UNRESOLVED,,,,,,,,,,"Projected rectangle centers, cluster means and model candidates are not independently certified object centers. Zero OBB points do not imply no neighborhood observation.","Publisher-release identity, per-point time_offset zero/sign, upstream joint-cloud deskew/object compensation, GT/global2velodyne reference times, physical sensor_id mapping, JPEG generation/rectification and the calibration contract remain unresolved.","Provide publisher-member identity, the matching JPEG/calibration, timing references and independently verifiable surface correspondence. Existing sparse/mixed/occluded evidence cannot establish erroneous 3D GT parameters.",[31]
