case_key,group,rows,raw_row_key,source_sha256,status
scene_35_31|Vehicle:97|0188,H01_UNION_589_PIXEL_AND_794_GT_CORRIDOR,840,raw_row_index,5c1a835d34be672daf3e5ec84bfbf905ebbdcfe5728393c50b5edd351c3559a1,reorganized original saved rows; no new selection
scene_35_31|Vehicle:97|0188,HISTORICAL_SEARCH_REGION_UNASSIGNED,2368,raw_row_index,f5b349229e2e9334bc36f4abc43d5198519135c7323b338f0360bf064ce3b46c,reorganized original saved rows; no new selection
scene_35_31|Vehicle:97|0129,HISTORICAL_SEARCH_REGION_UNASSIGNED,27,raw_row_index,1ed750d369ebe246517edbe6859051365b24f64e1ce6880fa0c70a0bd8d5e012,reorganized original saved rows; no new selection
scene_36_27|Vehicle:3|0118,PIXEL_PANEL_FIXED,1461,raw_row_index,cf48500ad49811b37d396770cefc2c38435a4f1480627e39e804be41bf2c6997,reorganized original saved rows; no new selection
scene_36_39|Vehicle:10|0032,PIXEL_PANEL_FIXED,282,raw_row_index,e3caf2602a905506c6da89ccf74110619b0ec7be0756c7ceef9ec01aec5afe8b,reorganized original saved rows; no new selection
scene_36_39|Vehicle:10|0070,PIXEL_PANEL_FIXED,1600,raw_row_index,8d2bb515bd94b025f23a7699b4e549e112a1026b3f3d93996e51a8acd1b7eff5,reorganized original saved rows; no new selection
scene_28_12|Vehicle:11|0062,HISTORICAL_SEARCH_REGION_UNASSIGNED,84,raw_row_index,9f30cd580b0617c065aa23d8ff8128fc0dadbe219e019f195533c8d2c614a1cd,reorganized original saved rows; no new selection
scene_28_12|Vehicle:11|0100,HISTORICAL_SEARCH_REGION_UNASSIGNED,800,raw_row_index,6d59509c53da67514530066971ccd63b49ed8fb81fb852697ee6df651424f636,reorganized original saved rows; no new selection
scene_36_39|Vehicle:1|0032,PIXEL_PANEL_FIXED,94,raw_row_index,bf4430dfab6091af02ac0d8ada12872720cf50f77b00330bccd6093458cf0a7b,reorganized original saved rows; no new selection
scene_36_27|Vehicle:10|0034,PIXEL_PANEL_FIXED,0,raw_row_index,4c819de06adbf5dab25bf0aec0c85ad683aa73bf3564c79743be16ab8c2d0d04,reorganized original saved rows; no new selection
scene_36_27|Vehicle:10|0056,PIXEL_PANEL_FIXED,0,raw_row_index,4c819de06adbf5dab25bf0aec0c85ad683aa73bf3564c79743be16ab8c2d0d04,reorganized original saved rows; no new selection
scene_42_8|Vehicle:87|0178,HISTORICAL_SEARCH_REGION_UNASSIGNED,5810,raw_row_index,12e07d491dd508d3d9f6ea0a9715320c3edae12c93d51c18a1e79a6ae1dd24d7,reorganized original saved rows; no new selection
scene_28_9|Vehicle:6|0285,HISTORICAL_SEARCH_REGION_UNASSIGNED,468,raw_row_index,b5f0b54f90491e897b83635996e81d1f19d1d8aa24d8bf7e5edc4403a43ddffd,reorganized original saved rows; no new selection
scene_28_9|Vehicle:6|0324,HISTORICAL_SEARCH_REGION_UNASSIGNED,12,raw_row_index,b4c146e550bab8da0ba6501ef364d25b84e056836eb82c291b40aa5fa549c8ba,reorganized original saved rows; no new selection
scene_28_9|Vehicle:8|0253,HISTORICAL_SEARCH_REGION_UNASSIGNED,886,raw_row_index,3596aeae47dc1703b0dd1da47721da63fdfc2b3e1c60b054f1d94a157595dcc0,reorganized original saved rows; no new selection
scene_28_9|Vehicle:8|0340,HISTORICAL_SEARCH_REGION_UNASSIGNED,0,raw_row_index,29f92bbeda79ef89af306342a29c88e6790d81fcf0de9c3378dbc1e613e362bf,reorganized original saved rows; no new selection
scene_28_12|Vehicle:9|0086,HISTORICAL_SEARCH_REGION_UNASSIGNED,914,raw_row_index,81cb9dfffddd773359c49ea58f26ec34d055e487b52a5fe21f00f804fec26b4a,reorganized original saved rows; no new selection
scene_28_12|Vehicle:9|0126,HISTORICAL_SEARCH_REGION_UNASSIGNED,6,raw_row_index,9940986f9b6173f40086726ae694ff1dfdcbcc5a698e3f094206710ffc680c9d,reorganized original saved rows; no new selection
scene_36_39|RoadObstruction:5|0090,C01_SAME_FIXED11_CROSS_CAMERA,11,raw_index,e80f917a712a80c1f327c5148e655db4f400f14ac5e7636a878bbdbff780c495,reorganized original saved rows; no new selection
scene_28_9|RoadObstruction:18|0107,C05_UNASSIGNED_DISPLAY_COORDINATES_NO_RAW_INDEX,33,UNKNOWN: local display IDs are not raw indices,d70b2ddf04af013ad772a3eff8e0076bb92bf3f77e3f03870ae9ed6cc231fce8,reorganized original saved rows; no new selection
