case_key,tier,asset_role,dataset_relative_path,bytes,sha256,publisher_release_identity_verified,exact_source_download_URL,source_held_for_local_verification,repository_availability
scene_36_27|Vehicle:3|0118,primary,dataset_original_annotation,scene_36_27/annotations/bounding_boxes/0118_11771923897.json,114507,b04a2514210168f976a338db5e58c1e5be82f532ab46845e474679cc920ecfaf,False,UNKNOWN,True,EXTERNAL_SOURCE_ONLY
scene_36_27|Vehicle:3|0118,primary,dataset_original_Aeva_BIN,scene_36_27/lidar/aeva/joint_lidars/points/0118_11799845120.bin,41016448,ab31519e32523430983fc72a185c976976a38425131a8d93d23decdd83dc268f,False,UNKNOWN,True,EXTERNAL_SOURCE_ONLY
scene_36_27|Vehicle:3|0118,primary,dataset_original_camera_JPEG,scene_36_27/camera/leopard/forward_center_medium/images/0118_11771923897.jpg,1362552,e5564c0fdfeb30a3c768e0da4f76105ab89e8b792f830a30b3eb30ed53b1379d,False,UNKNOWN,True,EXTERNAL_SOURCE_ONLY
scene_36_27|Vehicle:3|0118,primary,dataset_original_calibration_TF,scene_36_27/calibrations/calib_tf_tree_full.json,16160,37fe60fc9d17efb6273b78ad7505d6d58f15db7878da94af05b9aad1798589fa,False,UNKNOWN,True,EXTERNAL_SOURCE_ONLY
scene_36_27|Vehicle:3|0118,primary,dataset_original_calibration_camera,scene_36_27/calibrations/calib_camera_leopard_forward_center_medium.json,789,ac9db695d36121249510422c8f30d7e1068d71df22986efd92c31548d917bdac,False,UNKNOWN,True,EXTERNAL_SOURCE_ONLY
scene_36_27|Vehicle:10|0056,inconclusive,dataset_original_annotation,scene_36_27/annotations/bounding_boxes/0056_5571843247.json,108951,755350b0dff8c315175d7b84921e8d3689f4f1566ef6e1a7d651d5a8b493df62,False,UNKNOWN,False,EXTERNAL_SOURCE_ONLY
scene_36_27|Vehicle:10|0056,inconclusive,dataset_original_Aeva_BIN,scene_36_27/lidar/aeva/joint_lidars/points/0056_5599937536.bin,37707912,c3e66bca311ff0819343c3668725124c5e234e4801799ed8d88898b864bae446,False,UNKNOWN,False,EXTERNAL_SOURCE_ONLY
scene_36_27|Vehicle:10|0056,inconclusive,dataset_original_camera_JPEG,scene_36_27/camera/leopard/forward_center_medium/images/0056_5571843247.jpg,1212093,9d5eb12d4485bfb1692930f028130b6dd0abcc1f3109c60b1ee18c88ee1e02da,False,UNKNOWN,False,EXTERNAL_SOURCE_ONLY
scene_36_27|Vehicle:10|0056,inconclusive,dataset_original_calibration_TF,scene_36_27/calibrations/calib_tf_tree_full.json,16160,37fe60fc9d17efb6273b78ad7505d6d58f15db7878da94af05b9aad1798589fa,False,UNKNOWN,True,EXTERNAL_SOURCE_ONLY
scene_36_27|Vehicle:10|0056,inconclusive,dataset_original_calibration_camera,scene_36_27/calibrations/calib_camera_leopard_forward_center_medium.json,789,ac9db695d36121249510422c8f30d7e1068d71df22986efd92c31548d917bdac,False,UNKNOWN,True,EXTERNAL_SOURCE_ONLY
scene_36_27|Vehicle:10|0034,inconclusive,dataset_original_annotation,scene_36_27/annotations/bounding_boxes/0034_3371912197.json,118747,6189b29dfeac6ee0573e054a77eb9a27a5ffe53e3af42b0d57f94843942d71b2,False,UNKNOWN,False,EXTERNAL_SOURCE_ONLY
scene_36_27|Vehicle:10|0034,inconclusive,dataset_original_Aeva_BIN,scene_36_27/lidar/aeva/joint_lidars/points/0034_3399931648.bin,39177952,2a349d5838261face58ebc8137ed5d30070f6932aaeccf871c857a89cbcc1f87,False,UNKNOWN,False,EXTERNAL_SOURCE_ONLY
scene_36_27|Vehicle:10|0034,inconclusive,dataset_original_camera_JPEG,scene_36_27/camera/leopard/forward_center_medium/images/0034_3371912197.jpg,1407709,eda18f804fc35952f980d3d7c68a562cccdf00a1bd5b5362c003cbd2671221ba,False,UNKNOWN,False,EXTERNAL_SOURCE_ONLY
scene_36_27|Vehicle:10|0034,inconclusive,dataset_original_calibration_TF,scene_36_27/calibrations/calib_tf_tree_full.json,16160,37fe60fc9d17efb6273b78ad7505d6d58f15db7878da94af05b9aad1798589fa,False,UNKNOWN,True,EXTERNAL_SOURCE_ONLY
scene_36_27|Vehicle:10|0034,inconclusive,dataset_original_calibration_camera,scene_36_27/calibrations/calib_camera_leopard_forward_center_medium.json,789,ac9db695d36121249510422c8f30d7e1068d71df22986efd92c31548d917bdac,False,UNKNOWN,True,EXTERNAL_SOURCE_ONLY
scene_36_39|Vehicle:10|0070,primary,dataset_original_annotation,scene_36_39/annotations/bounding_boxes/0070_6971962325.json,448074,d7ebc70e16fbcd50c8dd72e63a0d06b16e8e7d7065a6271a78cfe6ed8285b6fb,False,UNKNOWN,True,EXTERNAL_SOURCE_ONLY
scene_36_39|Vehicle:10|0070,primary,dataset_original_Aeva_BIN,scene_36_39/lidar/aeva/joint_lidars/points/0070_6999973888.bin,39035568,5c249b0bdc48fae84d9e8af04347303446ff757d4d0b0c20c5413e5ea93a8740,False,UNKNOWN,True,EXTERNAL_SOURCE_ONLY
scene_36_39|Vehicle:10|0070,primary,dataset_original_camera_JPEG,scene_36_39/camera/leopard/forward_center_medium/images/0070_6971962325.jpg,1232374,71f3bf7a9f4cd67d74195bd90b341f2ec8726689333dc295fe7e4db65a89e33a,False,UNKNOWN,True,EXTERNAL_SOURCE_ONLY
scene_36_39|Vehicle:10|0070,primary,dataset_original_calibration_TF,scene_36_39/calibrations/calib_tf_tree_full.json,16160,37fe60fc9d17efb6273b78ad7505d6d58f15db7878da94af05b9aad1798589fa,False,UNKNOWN,True,EXTERNAL_SOURCE_ONLY
scene_36_39|Vehicle:10|0070,primary,dataset_original_calibration_camera,scene_36_39/calibrations/calib_camera_leopard_forward_center_medium.json,789,d251e3baeeff53d62fb3c9f0f8fedd9b2f10735e1e4a2ac4d1c90c3d0f2d1443,False,UNKNOWN,True,EXTERNAL_SOURCE_ONLY
scene_36_39|Vehicle:10|0032,primary,dataset_original_annotation,scene_36_39/annotations/bounding_boxes/0032_3172010775.json,445426,da59dd69b563ebccf28334be346cbcc0e9300cb3a6e312fb900e34749f25d78f,False,UNKNOWN,True,EXTERNAL_SOURCE_ONLY
scene_36_39|Vehicle:10|0032,primary,dataset_original_Aeva_BIN,scene_36_39/lidar/aeva/joint_lidars/points/0032_3199999488.bin,38239344,c232531c08834cddaf1fa272a3184b2979fde896431d66b26338652f3bb48e52,False,UNKNOWN,True,EXTERNAL_SOURCE_ONLY
scene_36_39|Vehicle:10|0032,primary,dataset_original_camera_JPEG,scene_36_39/camera/leopard/forward_center_medium/images/0032_3172010775.jpg,1284341,122c2508c926f19c821ab2ac1ef7cc6785b273865d62712c2b674ff00b9cf5da,False,UNKNOWN,True,EXTERNAL_SOURCE_ONLY
scene_36_39|Vehicle:10|0032,primary,dataset_original_calibration_TF,scene_36_39/calibrations/calib_tf_tree_full.json,16160,37fe60fc9d17efb6273b78ad7505d6d58f15db7878da94af05b9aad1798589fa,False,UNKNOWN,True,EXTERNAL_SOURCE_ONLY
scene_36_39|Vehicle:10|0032,primary,dataset_original_calibration_camera,scene_36_39/calibrations/calib_camera_leopard_forward_center_medium.json,789,d251e3baeeff53d62fb3c9f0f8fedd9b2f10735e1e4a2ac4d1c90c3d0f2d1443,False,UNKNOWN,True,EXTERNAL_SOURCE_ONLY
scene_36_39|Vehicle:1|0032,inconclusive,dataset_original_annotation,scene_36_39/annotations/bounding_boxes/0032_3172010775.json,445426,da59dd69b563ebccf28334be346cbcc0e9300cb3a6e312fb900e34749f25d78f,False,UNKNOWN,True,EXTERNAL_SOURCE_ONLY
scene_36_39|Vehicle:1|0032,inconclusive,dataset_original_Aeva_BIN,scene_36_39/lidar/aeva/joint_lidars/points/0032_3199999488.bin,38239344,c232531c08834cddaf1fa272a3184b2979fde896431d66b26338652f3bb48e52,False,UNKNOWN,True,EXTERNAL_SOURCE_ONLY
scene_36_39|Vehicle:1|0032,inconclusive,dataset_original_camera_JPEG,scene_36_39/camera/leopard/forward_center_medium/images/0032_3172010775.jpg,1284341,122c2508c926f19c821ab2ac1ef7cc6785b273865d62712c2b674ff00b9cf5da,False,UNKNOWN,True,EXTERNAL_SOURCE_ONLY
scene_36_39|Vehicle:1|0032,inconclusive,dataset_original_calibration_TF,scene_36_39/calibrations/calib_tf_tree_full.json,16160,37fe60fc9d17efb6273b78ad7505d6d58f15db7878da94af05b9aad1798589fa,False,UNKNOWN,True,EXTERNAL_SOURCE_ONLY
scene_36_39|Vehicle:1|0032,inconclusive,dataset_original_calibration_camera,scene_36_39/calibrations/calib_camera_leopard_forward_center_medium.json,789,d251e3baeeff53d62fb3c9f0f8fedd9b2f10735e1e4a2ac4d1c90c3d0f2d1443,False,UNKNOWN,True,EXTERNAL_SOURCE_ONLY
scene_35_31|Vehicle:97|0188,primary,dataset_original_annotation,scene_35_31/annotations/bounding_boxes/0188_18772164305.json,309238,d515cca1c51e5b748fc8b45fea9834a735140cffe955cea62b586125cb572818,False,UNKNOWN,True,EXTERNAL_SOURCE_ONLY
scene_35_31|Vehicle:97|0188,primary,dataset_original_Aeva_BIN,scene_35_31/lidar/aeva/joint_lidars/points/0188_18800014336.bin,40747608,f813d26939a41c091247f199569a9dad30302408160c56d8d2bf163a1b59d9fa,False,UNKNOWN,True,EXTERNAL_SOURCE_ONLY
scene_35_31|Vehicle:97|0188,primary,dataset_original_camera_JPEG,scene_35_31/camera/leopard/sideward_left_front_wide/images/0188_18772057630.jpg,2158500,15be5750069a31d69329647d2b44a4edfc5ac71dba1361699c20203cf9750081,False,UNKNOWN,True,EXTERNAL_SOURCE_ONLY
scene_35_31|Vehicle:97|0188,primary,dataset_original_calibration_TF,scene_35_31/calibrations/calib_tf_tree_full.json,16143,fe1664f077cfc746d1054d69931bd812c5b1af87ee8e905f7ebeff85f521bfac,False,UNKNOWN,True,EXTERNAL_SOURCE_ONLY
scene_35_31|Vehicle:97|0188,primary,dataset_original_calibration_camera,scene_35_31/calibrations/calib_camera_leopard_sideward_left_front_wide.json,795,6878312bc030978c618ac6941d6e75a9d0b9617ffb9c0813d2448fe5968cda0e,False,UNKNOWN,True,EXTERNAL_SOURCE_ONLY
scene_42_8|Vehicle:87|0178,inconclusive,dataset_original_annotation,scene_42_8/annotations/bounding_boxes/0178_17771953930.json,380019,c78c813390e5c7bed40aaf0561c807a37fc86ee75446b115ff1a3e7cb087d258,False,UNKNOWN,False,EXTERNAL_SOURCE_ONLY
scene_42_8|Vehicle:87|0178,inconclusive,dataset_original_Aeva_BIN,scene_42_8/lidar/aeva/joint_lidars/points/0178_17800050944.bin,29425792,7a9fa080f08e9987e6940037dd264b73941b3581ec14589a9ed0d31e75f4e02d,False,UNKNOWN,False,EXTERNAL_SOURCE_ONLY
scene_42_8|Vehicle:87|0178,inconclusive,dataset_original_camera_JPEG,scene_42_8/camera/leopard/sideward_right_front_wide/images/0178_17772086730.jpg,1202499,e3d4eb022c27515ebdb5b1a4f216514e745d518f1f324204a1767e27b29937f1,False,UNKNOWN,False,EXTERNAL_SOURCE_ONLY
scene_42_8|Vehicle:87|0178,inconclusive,dataset_original_calibration_TF,scene_42_8/calibrations/calib_tf_tree_full.json,16157,a890a9df5299689f21bcac7824f6aa805c41ac654d52ee64dbad069251d286de,False,UNKNOWN,False,EXTERNAL_SOURCE_ONLY
scene_42_8|Vehicle:87|0178,inconclusive,dataset_original_calibration_camera,scene_42_8/calibrations/calib_camera_leopard_sideward_right_front_wide.json,796,a487fbbff93273b8d532dcb1a07a12c729f24c7cc63698c954470ecc491b34d1,False,UNKNOWN,False,EXTERNAL_SOURCE_ONLY
scene_28_9|Vehicle:6|0285,inconclusive,dataset_original_annotation,scene_28_9/annotations/bounding_boxes/0285_14302590864.json,287507,af3e4c346621716d373c6117e6fe6ede7ef8057dc8fba30a8ec9731142a56007,False,UNKNOWN,False,EXTERNAL_SOURCE_ONLY
scene_28_9|Vehicle:6|0285,inconclusive,dataset_original_Aeva_BIN,scene_28_9/lidar/aeva/joint_lidars/points/0285_14330546432.bin,35818200,726a19043bc6d495f59cd39aa50292e259153891969694ca474af2b53cd82149,False,UNKNOWN,False,EXTERNAL_SOURCE_ONLY
scene_28_9|Vehicle:6|0285,inconclusive,dataset_original_camera_JPEG,scene_28_9/camera/leopard/rearward_left_bottom_medium/images/0285_14302547839.jpg,1885466,312922ccb7810a4e55cf2b4b8bc1c3703f7b259544ba2fae6a1e87f6bef89d62,False,UNKNOWN,False,EXTERNAL_SOURCE_ONLY
scene_28_9|Vehicle:6|0285,inconclusive,dataset_original_calibration_TF,scene_28_9/calibrations/calib_tf_tree_full.json,16165,8b2373e46a9428371674b26e3e7089a45a54c50246eeefcc2fbb52f7453e2430,False,UNKNOWN,False,EXTERNAL_SOURCE_ONLY
scene_28_9|Vehicle:6|0285,inconclusive,dataset_original_calibration_camera,scene_28_9/calibrations/calib_camera_leopard_rearward_left_bottom_medium.json,787,9eb58712e4e00bf5f7f0ee38fb45b2daec4c464497f6c3d6da28a6d1e5f451ce,False,UNKNOWN,False,EXTERNAL_SOURCE_ONLY
scene_28_9|Vehicle:6|0324,inconclusive,dataset_original_annotation,scene_28_9/annotations/bounding_boxes/0324_16202571464.json,274296,b805588d8ae269b3b625460ced92b3293184b7870e1a44646bebc1e95a79b5b0,False,UNKNOWN,False,EXTERNAL_SOURCE_ONLY
scene_28_9|Vehicle:6|0324,inconclusive,dataset_original_Aeva_BIN,scene_28_9/lidar/aeva/joint_lidars/points/0324_16230544384.bin,33090640,b026b8de17b86168f18a2d833a32aea6ca16fcae8612cc4703dc3c3c2aff797b,False,UNKNOWN,False,EXTERNAL_SOURCE_ONLY
scene_28_9|Vehicle:6|0324,inconclusive,dataset_original_camera_JPEG,scene_28_9/camera/leopard/rearward_left_bottom_medium/images/0324_16202680989.jpg,2228164,10b9dc5266978eb9f2efd0746032442cd4336f7787ffb9ccd98dceffa2e28d0f,False,UNKNOWN,False,EXTERNAL_SOURCE_ONLY
scene_28_9|Vehicle:6|0324,inconclusive,dataset_original_calibration_TF,scene_28_9/calibrations/calib_tf_tree_full.json,16165,8b2373e46a9428371674b26e3e7089a45a54c50246eeefcc2fbb52f7453e2430,False,UNKNOWN,False,EXTERNAL_SOURCE_ONLY
scene_28_9|Vehicle:6|0324,inconclusive,dataset_original_calibration_camera,scene_28_9/calibrations/calib_camera_leopard_rearward_left_bottom_medium.json,787,9eb58712e4e00bf5f7f0ee38fb45b2daec4c464497f6c3d6da28a6d1e5f451ce,False,UNKNOWN,False,EXTERNAL_SOURCE_ONLY
scene_28_9|Vehicle:8|0253,inconclusive,dataset_original_annotation,scene_28_9/annotations/bounding_boxes/0253_12702560439.json,314960,afc9563e0b04d7ef4e32b0e0778ee67001b253c187c2768487b411657e7bab6e,False,UNKNOWN,False,EXTERNAL_SOURCE_ONLY
scene_28_9|Vehicle:8|0253,inconclusive,dataset_original_Aeva_BIN,scene_28_9/lidar/aeva/joint_lidars/points/0253_12730530560.bin,36630000,351d113a63280101a6c893fee31173705d0bafd782c7c9ea5df0d85046e41150,False,UNKNOWN,False,EXTERNAL_SOURCE_ONLY
scene_28_9|Vehicle:8|0253,inconclusive,dataset_original_camera_JPEG,scene_28_9/camera/leopard/sideward_left_front_wide/images/0253_12702520814.jpg,1451293,271ff2bb5a5d72a133a9ce6e05d8fa95f77deaa0a8d21bf93e04fb3f2c9029f3,False,UNKNOWN,False,EXTERNAL_SOURCE_ONLY
scene_28_9|Vehicle:8|0253,inconclusive,dataset_original_calibration_TF,scene_28_9/calibrations/calib_tf_tree_full.json,16165,8b2373e46a9428371674b26e3e7089a45a54c50246eeefcc2fbb52f7453e2430,False,UNKNOWN,False,EXTERNAL_SOURCE_ONLY
scene_28_9|Vehicle:8|0253,inconclusive,dataset_original_calibration_camera,scene_28_9/calibrations/calib_camera_leopard_sideward_left_front_wide.json,794,dc3ec03ae51e2ad8b3f0fb9745ddd2eb6ac2b937e369bd50f819a150b065bdf9,False,UNKNOWN,False,EXTERNAL_SOURCE_ONLY
scene_28_9|Vehicle:8|0340,inconclusive,dataset_original_annotation,scene_28_9/annotations/bounding_boxes/0340_17002659989.json,261020,5cc3733daed3663899e86c2d5f304e6acc5fd4fec00612539c2f52190dcd5be0,False,UNKNOWN,False,EXTERNAL_SOURCE_ONLY
scene_28_9|Vehicle:8|0340,inconclusive,dataset_original_Aeva_BIN,scene_28_9/lidar/aeva/joint_lidars/points/0340_17030526976.bin,34878976,94dd84b4f9c030ebb1cd4667e404b8da2c5a66c3e561765edbaa96a1ec0e68b6,False,UNKNOWN,False,EXTERNAL_SOURCE_ONLY
scene_28_9|Vehicle:8|0340,inconclusive,dataset_original_camera_JPEG,scene_28_9/camera/leopard/rearward_left_bottom_medium/images/0340_17002597014.jpg,2366869,2cb7b8d1a2c564b4781cb0d204043c4722b657976779dbc4b4e2d7200abd6361,False,UNKNOWN,False,EXTERNAL_SOURCE_ONLY
scene_28_9|Vehicle:8|0340,inconclusive,dataset_original_calibration_TF,scene_28_9/calibrations/calib_tf_tree_full.json,16165,8b2373e46a9428371674b26e3e7089a45a54c50246eeefcc2fbb52f7453e2430,False,UNKNOWN,False,EXTERNAL_SOURCE_ONLY
scene_28_9|Vehicle:8|0340,inconclusive,dataset_original_calibration_camera,scene_28_9/calibrations/calib_camera_leopard_rearward_left_bottom_medium.json,787,9eb58712e4e00bf5f7f0ee38fb45b2daec4c464497f6c3d6da28a6d1e5f451ce,False,UNKNOWN,False,EXTERNAL_SOURCE_ONLY
scene_28_12|Vehicle:9|0086,inconclusive,dataset_original_annotation,scene_28_12/annotations/bounding_boxes/0086_4372292353.json,163039,cc55339a02d9831bfe2f16811fd4196c7cb25ee37d54c745b44e5f1cb4aa4a38,False,UNKNOWN,False,EXTERNAL_SOURCE_ONLY
scene_28_12|Vehicle:9|0086,inconclusive,dataset_original_Aeva_BIN,scene_28_12/lidar/aeva/joint_lidars/points/0086_4400321536.bin,36581864,2187211b5bb2e0f713d56232c017904174ff8db81e3de2d1be4049b9c0fa2f75,False,UNKNOWN,False,EXTERNAL_SOURCE_ONLY
scene_28_12|Vehicle:9|0086,inconclusive,dataset_original_camera_JPEG,scene_28_12/camera/leopard/rearward_left_bottom_medium/images/0086_4372386578.jpg,1292925,c48fec1828df859e6a83d178a2f104e2f87d44c718b52e9db6d86cffbc571e13,False,UNKNOWN,False,EXTERNAL_SOURCE_ONLY
scene_28_12|Vehicle:9|0086,inconclusive,dataset_original_calibration_TF,scene_28_12/calibrations/calib_tf_tree_full.json,16165,8b2373e46a9428371674b26e3e7089a45a54c50246eeefcc2fbb52f7453e2430,False,UNKNOWN,False,EXTERNAL_SOURCE_ONLY
scene_28_12|Vehicle:9|0086,inconclusive,dataset_original_calibration_camera,scene_28_12/calibrations/calib_camera_leopard_rearward_left_bottom_medium.json,788,84f88a8fea9ecfd70b1f79fd2dd9c28181f99158b768fc1b74a7357a30948535,False,UNKNOWN,False,EXTERNAL_SOURCE_ONLY
scene_28_12|Vehicle:9|0126,inconclusive,dataset_original_annotation,scene_28_12/annotations/bounding_boxes/0126_6372369878.json,157601,3abeb0f9fb2504366e9cb1d3acd038fda5d4778d67442ecef9ad356e0f210f82,False,UNKNOWN,False,EXTERNAL_SOURCE_ONLY
scene_28_12|Vehicle:9|0126,inconclusive,dataset_original_Aeva_BIN,scene_28_12/lidar/aeva/joint_lidars/points/0126_6400329216.bin,34443112,591130a75a51d6a4e17a35eb750097fdaa1e96e5f38d5adf24340bd629753105,False,UNKNOWN,False,EXTERNAL_SOURCE_ONLY
scene_28_12|Vehicle:9|0126,inconclusive,dataset_original_camera_JPEG,scene_28_12/camera/leopard/rearward_left_bottom_medium/images/0126_6372450278.jpg,1329173,0d10efd88bf52337223ef592f0439933c487fda8a13042d8036a201fe9048770,False,UNKNOWN,False,EXTERNAL_SOURCE_ONLY
scene_28_12|Vehicle:9|0126,inconclusive,dataset_original_calibration_TF,scene_28_12/calibrations/calib_tf_tree_full.json,16165,8b2373e46a9428371674b26e3e7089a45a54c50246eeefcc2fbb52f7453e2430,False,UNKNOWN,False,EXTERNAL_SOURCE_ONLY
scene_28_12|Vehicle:9|0126,inconclusive,dataset_original_calibration_camera,scene_28_12/calibrations/calib_camera_leopard_rearward_left_bottom_medium.json,788,84f88a8fea9ecfd70b1f79fd2dd9c28181f99158b768fc1b74a7357a30948535,False,UNKNOWN,False,EXTERNAL_SOURCE_ONLY
scene_28_12|Vehicle:11|0100,inconclusive,dataset_original_annotation,scene_28_12/annotations/bounding_boxes/0100_5072287378.json,166957,01d5209774d1f334a3c31e0250f7861dc6744261b9ba9d22dec4c6308eaa3298,False,UNKNOWN,False,EXTERNAL_SOURCE_ONLY
scene_28_12|Vehicle:11|0100,inconclusive,dataset_original_Aeva_BIN,scene_28_12/lidar/aeva/joint_lidars/points/0100_5100320000.bin,35906552,8a52029fe33aa5ec675f8a80296e5d97fdd3bbecea33d857af5a91d1db2e9f9c,False,UNKNOWN,False,EXTERNAL_SOURCE_ONLY
scene_28_12|Vehicle:11|0100,inconclusive,dataset_original_camera_JPEG,scene_28_12/camera/leopard/sideward_left_front_wide/images/0100_5072400028.jpg,1595009,ee47f45368aa552e6838122bf50ca90c83c48220ca3b2cd30197e256d22245fd,False,UNKNOWN,False,EXTERNAL_SOURCE_ONLY
scene_28_12|Vehicle:11|0100,inconclusive,dataset_original_calibration_TF,scene_28_12/calibrations/calib_tf_tree_full.json,16165,8b2373e46a9428371674b26e3e7089a45a54c50246eeefcc2fbb52f7453e2430,False,UNKNOWN,False,EXTERNAL_SOURCE_ONLY
scene_28_12|Vehicle:11|0100,inconclusive,dataset_original_calibration_camera,scene_28_12/calibrations/calib_camera_leopard_sideward_left_front_wide.json,795,4fd8423591fb8a9438583b90c6c06c302567f8653972f45359b3c59f270598ff,False,UNKNOWN,False,EXTERNAL_SOURCE_ONLY
scene_28_12|Vehicle:11|0062,supplementary,dataset_original_annotation,scene_28_12/annotations/bounding_boxes/0062_3172315028.json,173753,98df0c5458e8f800e8600e5589744bda00c1cb277e2747f76ed5eefdfa174d11,False,UNKNOWN,False,EXTERNAL_SOURCE_ONLY
scene_28_12|Vehicle:11|0062,supplementary,dataset_original_Aeva_BIN,scene_28_12/lidar/aeva/joint_lidars/points/0062_3200299776.bin,37833752,701f3d5acf47457e3c7c36b831ee73a2a12a1f404256089df7547d37bd0ce8ac,False,UNKNOWN,False,EXTERNAL_SOURCE_ONLY
scene_28_12|Vehicle:11|0062,supplementary,dataset_original_camera_JPEG,scene_28_12/camera/leopard/forward_center_medium/images/0062_3172315028.jpg,1387094,deb527a3a5703f63f577f1de18e352f6b6bcc67626ef69403ea68a8976a9ed45,False,UNKNOWN,False,EXTERNAL_SOURCE_ONLY
scene_28_12|Vehicle:11|0062,supplementary,dataset_original_calibration_TF,scene_28_12/calibrations/calib_tf_tree_full.json,16165,8b2373e46a9428371674b26e3e7089a45a54c50246eeefcc2fbb52f7453e2430,False,UNKNOWN,False,EXTERNAL_SOURCE_ONLY
scene_28_12|Vehicle:11|0062,supplementary,dataset_original_calibration_camera,scene_28_12/calibrations/calib_camera_leopard_forward_center_medium.json,790,b10f5676f2037b885346a379bf42553e769c96e8fc707aeb66cb2ebb416dbeb9,False,UNKNOWN,False,EXTERNAL_SOURCE_ONLY
scene_35_31|Vehicle:97|0129,inconclusive,dataset_original_annotation,scene_35_31/annotations/bounding_boxes/0129_12872043305.json,207775,2b58552093ec68a2189a8856191503d6444a14d0f87abfd6dea3043e636b4417,False,UNKNOWN,False,EXTERNAL_SOURCE_ONLY
scene_35_31|Vehicle:97|0129,inconclusive,dataset_original_Aeva_BIN,scene_35_31/lidar/aeva/joint_lidars/points/0129_12900100608.bin,37451832,cec72c3824e356c943f5b4bb49f7c0a619aef3c0ec773401a9dc9408cdea5b54,False,UNKNOWN,False,EXTERNAL_SOURCE_ONLY
scene_35_31|Vehicle:97|0129,inconclusive,dataset_original_camera_JPEG,scene_35_31/camera/leopard/sideward_left_front_wide/images/0129_12872110380.jpg,2239063,c45fc2d1da8d5ef3a459fbec353670491cf977214a53b887e44d38f8f00fd778,False,UNKNOWN,False,EXTERNAL_SOURCE_ONLY
scene_35_31|Vehicle:97|0129,inconclusive,dataset_original_calibration_TF,scene_35_31/calibrations/calib_tf_tree_full.json,16143,fe1664f077cfc746d1054d69931bd812c5b1af87ee8e905f7ebeff85f521bfac,False,UNKNOWN,True,EXTERNAL_SOURCE_ONLY
scene_35_31|Vehicle:97|0129,inconclusive,dataset_original_calibration_camera,scene_35_31/calibrations/calib_camera_leopard_sideward_left_front_wide.json,795,6878312bc030978c618ac6941d6e75a9d0b9617ffb9c0813d2448fe5968cda0e,False,UNKNOWN,True,EXTERNAL_SOURCE_ONLY
scene_36_39|RoadObstruction:5|0090,inconclusive,dataset_original_annotation,scene_36_39/annotations/bounding_boxes/0090_8972037150.json,407421,3acfea9bc3d98c28f7f2ea2748656a3d6a4830fcd5da8dbd174297f39dd83714,False,UNKNOWN,False,EXTERNAL_SOURCE_ONLY
scene_36_39|RoadObstruction:5|0090,inconclusive,dataset_original_Aeva_BIN,scene_36_39/lidar/aeva/joint_lidars/points/0090_8999981568.bin,36214992,89ca100ca4a46b3dbe10105e535bbd5cb77dc69937f8a55cfca8ec2b1f4a3187,False,UNKNOWN,False,EXTERNAL_SOURCE_ONLY
scene_36_39|RoadObstruction:5|0090,inconclusive,dataset_original_camera_JPEG,scene_36_39/camera/leopard/forward_center_medium/images/0090_8972037150.jpg,1215315,c8b0675a8487ef50deab2aea90214fcd0d30e0e51d8a50158b9c944f3b7f010a,False,UNKNOWN,False,EXTERNAL_SOURCE_ONLY
scene_36_39|RoadObstruction:5|0090,inconclusive,dataset_original_calibration_TF,scene_36_39/calibrations/calib_tf_tree_full.json,16160,37fe60fc9d17efb6273b78ad7505d6d58f15db7878da94af05b9aad1798589fa,False,UNKNOWN,True,EXTERNAL_SOURCE_ONLY
scene_36_39|RoadObstruction:5|0090,inconclusive,dataset_original_calibration_camera,scene_36_39/calibrations/calib_camera_leopard_forward_center_medium.json,789,d251e3baeeff53d62fb3c9f0f8fedd9b2f10735e1e4a2ac4d1c90c3d0f2d1443,False,UNKNOWN,True,EXTERNAL_SOURCE_ONLY
scene_28_9|RoadObstruction:22|0346,inconclusive,dataset_original_annotation,scene_28_9/annotations/bounding_boxes/0346_17302619914.json,250091,6c774ade8fa20c26ed16c52a6b5c8808aa21bd620b276c85dbb7c9c1b5a4b46b,False,UNKNOWN,False,EXTERNAL_SOURCE_ONLY
scene_28_9|RoadObstruction:22|0346,inconclusive,dataset_original_Aeva_BIN,scene_28_9/lidar/aeva/joint_lidars/points/0346_17330528768.bin,35297152,6ea92a5e3c2ccfc4d933e5b02aac4e92dbb9ffcc0fe34368771e263d5d217b50,False,UNKNOWN,False,EXTERNAL_SOURCE_ONLY
scene_28_9|RoadObstruction:22|0346,inconclusive,dataset_original_camera_JPEG,scene_28_9/camera/leopard/rearward_left_bottom_medium/images/0346_17302554139.jpg,2442247,95b5ab5403ca39d1524e511a010be97a0b878d3860ddc3ee44f25ace77ab5445,False,UNKNOWN,False,EXTERNAL_SOURCE_ONLY
scene_28_9|RoadObstruction:22|0346,inconclusive,dataset_original_calibration_TF,scene_28_9/calibrations/calib_tf_tree_full.json,16165,8b2373e46a9428371674b26e3e7089a45a54c50246eeefcc2fbb52f7453e2430,False,UNKNOWN,False,EXTERNAL_SOURCE_ONLY
scene_28_9|RoadObstruction:22|0346,inconclusive,dataset_original_calibration_camera,scene_28_9/calibrations/calib_camera_leopard_rearward_left_bottom_medium.json,787,9eb58712e4e00bf5f7f0ee38fb45b2daec4c464497f6c3d6da28a6d1e5f451ce,False,UNKNOWN,False,EXTERNAL_SOURCE_ONLY
scene_28_9|RoadObstruction:18|0107,inconclusive,dataset_original_annotation,scene_28_9/annotations/bounding_boxes/0107_5402601914.json,332195,c68b1423bd7f470579f686947d80764eb08e7535f3e98f7c9d848cfe79f7500f,False,UNKNOWN,False,EXTERNAL_SOURCE_ONLY
scene_28_9|RoadObstruction:18|0107,inconclusive,dataset_original_Aeva_BIN,scene_28_9/lidar/aeva/joint_lidars/points/0107_5430499584.bin,32762312,a03f3ea0375b3bd0e6405af67fca938351f2095cbe26bc4be009b16f9a742ec9,False,UNKNOWN,False,EXTERNAL_SOURCE_ONLY
scene_28_9|RoadObstruction:18|0107,inconclusive,dataset_original_camera_JPEG,scene_28_9/camera/leopard/forward_center_medium/images/0107_5402601914.jpg,1033960,be0c71655fc836677d6acf41da2d32cba6c83f6b509dbae8bc167f8dd5580c1f,False,UNKNOWN,False,EXTERNAL_SOURCE_ONLY
scene_28_9|RoadObstruction:18|0107,inconclusive,dataset_original_calibration_TF,scene_28_9/calibrations/calib_tf_tree_full.json,16165,8b2373e46a9428371674b26e3e7089a45a54c50246eeefcc2fbb52f7453e2430,False,UNKNOWN,False,EXTERNAL_SOURCE_ONLY
scene_28_9|RoadObstruction:18|0107,inconclusive,dataset_original_calibration_camera,scene_28_9/calibrations/calib_camera_leopard_forward_center_medium.json,789,916c7ef961ccf789887e9859e96f40a5c3bc3255a787022c695f0282a69592c0,False,UNKNOWN,False,EXTERNAL_SOURCE_ONLY
scene_36_39|RoadObstruction:7|0057,inconclusive,dataset_original_annotation,scene_36_39/annotations/bounding_boxes/0057_5672058500.json,491568,61916498988fcfe10f513ad6952d83e8be601c6006ee070aa7c5af9fa097230c,False,UNKNOWN,False,EXTERNAL_SOURCE_ONLY
scene_36_39|RoadObstruction:7|0057,inconclusive,dataset_original_Aeva_BIN,scene_36_39/lidar/aeva/joint_lidars/points/0057_5699987200.bin,39125416,913ad257ed96cb803a470eedf3c7c11319f27d02ce10eedef5b9c89f66c48914,False,UNKNOWN,False,EXTERNAL_SOURCE_ONLY
scene_36_39|RoadObstruction:7|0057,inconclusive,dataset_original_camera_JPEG,scene_36_39/camera/leopard/forward_center_medium/images/0057_5672058500.jpg,1235252,3951a270094d5ad6c8cbe1cfa8ac420b67cb920cdf4e9533a00dcb8ee6bf39d2,False,UNKNOWN,False,EXTERNAL_SOURCE_ONLY
scene_36_39|RoadObstruction:7|0057,inconclusive,dataset_original_calibration_TF,scene_36_39/calibrations/calib_tf_tree_full.json,16160,37fe60fc9d17efb6273b78ad7505d6d58f15db7878da94af05b9aad1798589fa,False,UNKNOWN,True,EXTERNAL_SOURCE_ONLY
scene_36_39|RoadObstruction:7|0057,inconclusive,dataset_original_calibration_camera,scene_36_39/calibrations/calib_camera_leopard_forward_center_medium.json,789,d251e3baeeff53d62fb3c9f0f8fedd9b2f10735e1e4a2ac4d1c90c3d0f2d1443,False,UNKNOWN,True,EXTERNAL_SOURCE_ONLY
scene_36_39|Vehicle:10|0070,primary,dataset_original_camera_JPEG_unconfirmed_extra,scene_36_39/camera/leopard/sideward_right_front_wide/images/0070_6972003100.jpg,964285,0c43952ae8d823a3556174f63e3ad18ceccc755bbcc2d624106bf28b45b4a325,False,UNKNOWN,True,EXTERNAL_SOURCE_ONLY
scene_36_39|Vehicle:10|0070,primary,dataset_original_calibration_camera_unconfirmed_extra,scene_36_39/calibrations/calib_camera_leopard_sideward_right_front_wide.json,791,b2d5241a6fa7555b77e38198583c87cc4e08e997740bac76dcc6b104f2fa4a9b,False,UNKNOWN,True,EXTERNAL_SOURCE_ONLY
scene_36_39|RoadObstruction:5|0090,inconclusive,dataset_original_camera_JPEG_supplementary_overlap,scene_36_39/camera/leopard/sideward_left_front_wide/images/0090_8971938925.jpg,1253005,203dccbc0f1e8ae1b412c5d03e5ec2be1e71037eda5ec5370fa2029f31c97203,False,UNKNOWN,False,EXTERNAL_SOURCE_ONLY
scene_36_39|RoadObstruction:5|0090,inconclusive,dataset_original_calibration_camera_supplementary_overlap,scene_36_39/calibrations/calib_camera_leopard_sideward_left_front_wide.json,794,7802dd3f105797c751c514e0d7ff38974e65d5c6b9d053f43111e0a02ca27578,False,UNKNOWN,False,EXTERNAL_SOURCE_ONLY
scene_28_9|RoadObstruction:18|0107,inconclusive,dataset_original_camera_JPEG_supplementary_overlap,scene_28_9/camera/leopard/sideward_left_front_wide/images/0107_5402565289.jpg,1431828,ab5153dc98607852576cdc44f4a30850a313e953fe06ab76c94ce74cbdc60c86,False,UNKNOWN,False,EXTERNAL_SOURCE_ONLY
scene_28_9|RoadObstruction:18|0107,inconclusive,dataset_original_calibration_camera_supplementary_overlap,scene_28_9/calibrations/calib_camera_leopard_sideward_left_front_wide.json,794,dc3ec03ae51e2ad8b3f0fb9745ddd2eb6ac2b937e369bd50f819a150b065bdf9,False,UNKNOWN,False,EXTERNAL_SOURCE_ONLY
scene_36_39|RoadObstruction:7|0057,inconclusive,dataset_original_camera_JPEG_supplementary_overlap,scene_36_39/camera/leopard/sideward_left_front_wide/images/0057_5671964875.jpg,1387657,4d49a0cfbbb2b7f0b1db28f785fe1afb2abf7faefbdb00a2f6e35b7d95a2a4cb,False,UNKNOWN,False,EXTERNAL_SOURCE_ONLY
scene_36_39|RoadObstruction:7|0057,inconclusive,dataset_original_calibration_camera_supplementary_overlap,scene_36_39/calibrations/calib_camera_leopard_sideward_left_front_wide.json,794,7802dd3f105797c751c514e0d7ff38974e65d5c6b9d053f43111e0a02ca27578,False,UNKNOWN,False,EXTERNAL_SOURCE_ONLY
